<?xml version="1.0" encoding="UTF-8"?>
<component name="googleplus" type="synapse/template" >
    <subComponents> 
		<component name="init" >
	    		<file>init.xml</file>
	    		<description>authentication</description>
		</component>
        <component name="getactivities" >
            <file>GooglePlusGetActivities.xml</file>
            <description>Google Plus Activity according to the activity id </description>
        </component>
        <component name="listactivities" >
            <file>GooglePlusListActivities.xml</file>
            <description>Google Plus Activity according to the activity id </description>
        </component>
        <component name="searchactivities" >
            <file>GooglePlusSearchActivities.xml</file>
            <description>Google Plus Activity according to the activity id </description>
        </component>
    </subComponents>    
</component>
