<?xml version="1.0" encoding="UTF-8"?>
<template name="searchactivities" xmlns="http://ws.apache.org/ns/synapse">
    <parameter name="query" description="Activity Id in Google plus" />
    <parameter name="language" description="Activity Id in Google plus" />
    <parameter name="maxResults" description="Required Fields in response if null all the fields will in response" />
    <parameter name="pageToken" description="Required Fields in response if null all the fields will in response" />
    <parameter name="fields" description="Required Fields in response if null all the fields will in response" />
    <parameter name="orderBy" description="Required Fields in response if null all the fields will in response" />

        <sequence>
         <property name="uri.var.query" expression="$func:query" />
        <property name="uri.var.language" expression="$func:language" />
            <property name="uri.var.maxResults" expression="$func:maxResults" />
            <property name="uri.var.pageToken" expression="$func:pageToken" />
            <property name="uri.var.fields" expression="$func:fields" />
            <property name="uri.var.orderBy" expression="$func:orderBy" />
            <class name="org.wso2.carbon.googleplus.GooglePlusSearchActivities" />
          </sequence>
</template>
