<?xml version="1.0" encoding="UTF-8"?>
<template name="init" xmlns="http://ws.apache.org/ns/synapse">
    <parameter name="useServiceAccount" description="Whether or not to use a service account." />
    <parameter name="serviceAccountEmail" description="Service account e-mail address" />
    <parameter name="certificatePassword" description="Password for alias in certificate keystore for service account" />
    <parameter name="clientId" description="Client ID if a client account is being used" />
    <parameter name="clientSecret"
               description="Client secret if a client account is being used" />
    <parameter name="accessToken"
               description="Access Token if a client account is being used" />
    <parameter name="refreshToken"
               description="Refresh Token if a client account is being used" />
    <parameter name="refreshToken"
               description="Refresh Token if a client account is being used" />
        <sequence>

        <property name="uri.var.useServiceAccount" expression="$func:useServiceAccount" />
        <property name="uri.var.serviceAccountEmail" expression="$func:serviceAccountEmail" />
        <property name="uri.var.certificatePassword" expression="$func:certificatePassword" />
        <property name="uri.var.clientId" expression="$func:clientId" />
        <property name="uri.var.clientSecret" expression="$func:clientSecret" />
        <property name="uri.var.accessToken" expression="$func:accessToken" />
        <property name="uri.var.refreshToken" expression="$func:refreshToken" />
            <class name="org.wso2.carbon.googleplus.GooglePLusConfig"/>
               </sequence>

</template>
